<?xml version="1.0" encoding="UTF-8" ?>
<!DOCTYPE log4j:configuration SYSTEM "log4j.dtd">

<log4j:configuration xmlns:log4j="http://jakarta.apache.org/log4j/">

  <appender name="CONSOLE" class="org.apache.log4j.ConsoleAppender">
    <layout class="org.apache.log4j.PatternLayout">
      <param name="ConversionPattern" value="%d{ISO8601} %p - %c | %m%n"/>
    </layout>
  </appender>

  <appender name="FILE" class="org.apache.log4j.RollingFileAppender">
    <param name="File" value="${catalina.base}/logs/application.log"/>
    <param name="MaxFileSize" value="10MB"/>
    <param name="MaxBackupIndex" value="5"/>
    <layout class="org.apache.log4j.PatternLayout">
      <param name="ConversionPattern" value="%d{ISO8601} %p - %c | %m%n"/>
    </layout>
  </appender>

  <logger name="org.springframework">
    <level value="ERROR"/>
  </logger>

  <logger name="org.hibernate">
    <level value="ERROR"/>
  </logger>

  <root>
    <level value="INFO"/>
    <appender-ref ref="CONSOLE"/>
    <!-- <appender-ref ref="FILE"/> -->
  </root>

</log4j:configuration>
